image_filename,point_id,x,y
test_files/2023_05_26_TSML17_P8080784.jpg,1,1736.33082594,579.929471519
test_files/2023_05_26_TSML17_P8080784.jpg,2,1676.32482534,102.024538168
test_files/2023_05_26_TSML17_P8080784.jpg,3,2344.96311774,9.87246581801
test_files/2023_05_26_TSML17_P8080784.jpg,4,2381.39533239,483.491256268
test_files/2023_08_02_2ESAL12_P8020005.jpg,1,1539.437187,2468.89988116
test_files/2023_08_02_2ESAL12_P8020005.jpg,2,1108.65881504,2636.54269587
test_files/2023_08_02_2ESAL12_P8020005.jpg,3,936.771878448,1995.6802903
test_files/2023_08_02_2ESAL12_P8020005.jpg,4,1365.42818946,1866.23457262
