image_filename,point_id,x,y
test_files/2023_05_26_TSML17_P8080784.jpg,1,1734.72178492,588.744035222
test_files/2023_05_26_TSML17_P8080784.jpg,2,1669.46399735,104.462559016
test_files/2023_05_26_TSML17_P8080784.jpg,3,2346.65665261,3.14125725717
test_files/2023_05_26_TSML17_P8080784.jpg,4,2390.73428106,488.567606929
test_files/2023_08_02_2ESAL12_P8020005.jpg,1,1538.31565346,2460.08019715
test_files/2023_08_02_2ESAL12_P8020005.jpg,2,1106.2292405,2627.89947361
test_files/2023_08_02_2ESAL12_P8020005.jpg,3,939.374442633,1994.23703317
test_files/2023_08_02_2ESAL12_P8020005.jpg,4,1365.67398399,1855.35211472
